"","Managed Area Name","Year","Number of Samples","Minimum Value (Total Nitrogen mg/L)","Maximum Value (Total Nitrogen mg/L)","Median (Total Nitrogen mg/L)","Mean (Total Nitrogen mg/L)","Standard Deviation (Total Nitrogen mg/L)","Programs with Data"
"1","Alligator Harbor Aquatic Preserve",2001,30,2e-04,0.0012,0.00065,0.00063,0.000235108192262553,"514"
"2","Alligator Harbor Aquatic Preserve",2002,48,1e-04,9e-04,4e-04,0.000447916666666667,0.000211367969285122,"514"
"3","Alligator Harbor Aquatic Preserve",2003,6,3e-04,7e-04,0.00045,5e-04,0.000167332005306815,"514"
"4","Alligator Harbor Aquatic Preserve",2006,72,1e-04,8e-04,3e-04,0.00035,0.000166994981791855,"514"
"5","Alligator Harbor Aquatic Preserve",2007,77,1e-04,9e-04,4e-04,0.000403896103896104,0.000180234904062769,"514"
"6","Alligator Harbor Aquatic Preserve",2008,77,1e-04,8e-04,3e-04,0.000311688311688312,0.000125628971237599,"514"
"7","Alligator Harbor Aquatic Preserve",2009,56,1e-04,8e-04,3e-04,0.000330357142857143,0.000153646161218375,"514"
"8","Alligator Harbor Aquatic Preserve",2010,35,2e-04,9e-04,3e-04,0.000368571428571429,0.000179495090169503,"514"
"9","Alligator Harbor Aquatic Preserve",2011,14,1e-04,5e-04,2e-04,0.000242857142857143,0.000122249969100425,"514"
"10","Alligator Harbor Aquatic Preserve",2016,28,2e-04,0.0012,4e-04,0.000525,0.000251845043480959,"514"
"11","Alligator Harbor Aquatic Preserve",2017,84,2e-04,0.0011,4e-04,0.000452380952380952,0.000233607739637109,"514"
"12","Alligator Harbor Aquatic Preserve",2018,84,2e-04,0.0013,4e-04,0.000447619047619048,0.000233607739637109,"514"
"13","Alligator Harbor Aquatic Preserve",2019,70,1e-04,9e-04,3e-04,0.00036,0.000189889365195876,"514"
"14","Apalachicola Bay Aquatic Preserve",2000,113,0,0.73,0.004,0.175769911504425,0.254010615949749,"5002"
"15","Apalachicola Bay Aquatic Preserve",2001,315,0,4.3,0.028,0.184984126984127,0.350153955769281,"5002"
"16","Apalachicola Bay Aquatic Preserve",2002,890,0,0.94,0.007,0.0980561797752809,0.178191745887961,"5002;355"
"17","Apalachicola Bay Aquatic Preserve",2003,697,0,0.696,0.007,0.0769784791965567,0.132545593311526,"5002;355"
"18","Apalachicola Bay Aquatic Preserve",2004,668,0,0.487,0.0035,0.0415658682634731,0.0769274478751006,"355"
"19","Apalachicola Bay Aquatic Preserve",2005,588,0,0.709,0,0.0744302721088435,0.123767712178012,"355"
"20","Apalachicola Bay Aquatic Preserve",2006,522,0,0.592,0.0035,0.0524291187739464,0.112825922660415,"355"
"21","Apalachicola Bay Aquatic Preserve",2007,615,0,1.4,5e-04,0.0691321951219512,0.175856274148026,"5002;355;514"
"22","Apalachicola Bay Aquatic Preserve",2008,426,0,0.438,0,0.0374274647887324,0.0743319962562552,"355;514"
"23","Apalachicola Bay Aquatic Preserve",2009,436,0,0.475,0.004,0.0610940366972477,0.100478134460126,"355"
"24","Apalachicola Bay Aquatic Preserve",2010,309,0,0.493,0.004,0.0645177993527508,0.11608982684301,"355"
"25","Apalachicola Bay Aquatic Preserve",2011,240,0,0.526,0.003,0.0347041666666667,0.0827977824939384,"355"
"26","Apalachicola Bay Aquatic Preserve",2012,316,0,0.336,0,0.0190126582278481,0.0415469881003783,"355"
"27","Apalachicola Bay Aquatic Preserve",2013,634,0,1.417,0.0495,0.292753943217666,0.396319285040896,"355"
"28","Apalachicola Bay Aquatic Preserve",2014,818,0,1.31,0.3,0.330432762836186,0.328813799980283,"355"
"29","Apalachicola Bay Aquatic Preserve",2015,845,0,1.01,0.28,0.301132544378698,0.284338283849286,"355"
"30","Apalachicola Bay Aquatic Preserve",2016,795,0,1,0.24,0.320850314465409,0.320260385220902,"355"
"31","Apalachicola Bay Aquatic Preserve",2017,812,0,1.51,0.2,0.31812315270936,0.353070473372328,"355"
"32","Apalachicola Bay Aquatic Preserve",2018,700,0,1.329,0.205,0.323545714285714,0.35006348808432,"355"
"33","Apalachicola Bay Aquatic Preserve",2019,705,0,1.12,0.3,0.2854,0.276319744383863,"355"
"34","Apalachicola National Estuarine Research Reserve",2000,148,0,0.73,0.004,0.17222972972973,0.242224865859686,"5002"
"35","Apalachicola National Estuarine Research Reserve",2001,412,0,4.3,0.0095,0.174179611650485,0.320173222233484,"5002"
"36","Apalachicola National Estuarine Research Reserve",2002,1056,0,0.94,0.007,0.102971590909091,0.17787377479797,"5002;355"
"37","Apalachicola National Estuarine Research Reserve",2003,805,0,0.978,0.007,0.0913291925465839,0.159060729367229,"5002;355"
"38","Apalachicola National Estuarine Research Reserve",2004,764,0,0.673,0.0035,0.0523992146596859,0.101956478518205,"355"
"39","Apalachicola National Estuarine Research Reserve",2005,678,0,0.709,0,0.0824941002949852,0.138311795756893,"355"
"40","Apalachicola National Estuarine Research Reserve",2006,594,0,0.621,0.0035,0.0617727272727273,0.127110502298485,"355"
"41","Apalachicola National Estuarine Research Reserve",2007,933,0,1.4,0.002,0.113012111468382,0.198329260774438,"5002;355;514"
"42","Apalachicola National Estuarine Research Reserve",2008,516,0,0.643,0,0.0540133720930233,0.11322607831737,"5002;355;514"
"43","Apalachicola National Estuarine Research Reserve",2009,493,0,0.615,0.004,0.0692089249492901,0.11457779939982,"355"
"44","Apalachicola National Estuarine Research Reserve",2010,374,0,0.52,0.004,0.0818582887700535,0.140668677803647,"355"
"45","Apalachicola National Estuarine Research Reserve",2011,302,0,0.684,0.004,0.058841059602649,0.132265417880033,"355"
"46","Apalachicola National Estuarine Research Reserve",2012,388,0,0.635,0,0.0345309278350515,0.0897889663183729,"355"
"47","Apalachicola National Estuarine Research Reserve",2013,709,0,1.417,0.058,0.290654442877292,0.384594427104021,"355"
"48","Apalachicola National Estuarine Research Reserve",2014,918,0,1.31,0.31,0.330589324618736,0.323194790492186,"355"
"49","Apalachicola National Estuarine Research Reserve",2015,953,0,1.01,0.29,0.29892444910808,0.280444194032858,"355"
"50","Apalachicola National Estuarine Research Reserve",2016,899,0,1,0.26,0.31989766407119,0.314698566463145,"355"
"51","Apalachicola National Estuarine Research Reserve",2017,908,0,1.51,0.24,0.314169603524229,0.344232617116599,"355"
"52","Apalachicola National Estuarine Research Reserve",2018,806,0,1.329,0.2325,0.3185682382134,0.339656153766096,"355"
"53","Apalachicola National Estuarine Research Reserve",2019,809,0,1.24,0.3,0.288972805933251,0.276421562920996,"355"
"54","Banana River Aquatic Preserve",2005,38,0,1.3,0.049,0.416342105263158,0.543445279391353,"5002"
"55","Banana River Aquatic Preserve",2006,76,0,3.1,0.031,0.445052631578947,0.648514299914028,"5002"
"56","Banana River Aquatic Preserve",2008,114,0,1.7,0.039,0.453649122807018,0.624230967330559,"5002"
"57","Banana River Aquatic Preserve",2009,101,0,1.6,0.056,0.548029702970297,0.679274060382782,"5002"
"58","Big Bend Seagrasses Aquatic Preserve",1992,2,0.24,0.7,0.47,0.47,0.325269119345812,"5002"
"59","Big Bend Seagrasses Aquatic Preserve",1993,5,1e-04,0.52,2e-04,0.13608,0.225505669551788,"5002;514"
"60","Big Bend Seagrasses Aquatic Preserve",1994,10,1e-04,7e-04,0.00025,3e-04,2e-04,"514"
"61","Big Bend Seagrasses Aquatic Preserve",1995,15,1e-04,0.76,3e-04,0.207433333333333,0.268763237990686,"5002;514"
"62","Big Bend Seagrasses Aquatic Preserve",1996,117,3e-04,1.47,0.4,0.400221367521367,0.386463814121969,"5002;514"
"63","Big Bend Seagrasses Aquatic Preserve",1997,158,6e-04,2.4,0.3,0.421131012658228,0.425729895067732,"5002;514"
"64","Big Bend Seagrasses Aquatic Preserve",1998,56,5e-04,0.9,0.001,0.180667857142857,0.282367733868213,"5002;514"
"65","Big Bend Seagrasses Aquatic Preserve",1999,112,1e-04,1.91,7e-04,0.123940178571429,0.348741425794001,"5002;514"
"66","Big Bend Seagrasses Aquatic Preserve",2000,138,0,1.27,7e-04,0.0860876811594203,0.255240301674644,"5002;514"
"67","Big Bend Seagrasses Aquatic Preserve",2001,195,0,1.35,6e-04,0.0848302564102564,0.244837433247055,"5002;514"
"68","Big Bend Seagrasses Aquatic Preserve",2002,195,1e-04,2,6e-04,0.0910492307692308,0.320354540285235,"5002;514"
"69","Big Bend Seagrasses Aquatic Preserve",2003,141,1e-04,1.76,6e-04,0.19027304964539,0.386804569495729,"5002;514"
"70","Big Bend Seagrasses Aquatic Preserve",2004,111,2e-04,1.57,6e-04,0.171520720720721,0.403931517624442,"5002;514"
"71","Big Bend Seagrasses Aquatic Preserve",2005,158,2e-04,2.31,6e-04,0.219807594936709,0.46315318916083,"5002;514"
"72","Big Bend Seagrasses Aquatic Preserve",2006,200,0,1.9,5e-04,0.145718,0.318845487344576,"5002;514"
"73","Big Bend Seagrasses Aquatic Preserve",2007,106,1e-04,0.845,5e-04,0.0275160377358491,0.134639225259345,"5002;514"
"74","Big Bend Seagrasses Aquatic Preserve",2008,36,4e-04,0.001,7e-04,0.000680555555555556,0.000134842647862387,"514"
"75","Big Bend Seagrasses Aquatic Preserve",2009,38,4e-04,9e-04,7e-04,0.000665789473684211,0.000154703405489297,"514"
"76","Big Bend Seagrasses Aquatic Preserve",2010,81,3e-04,8e-04,6e-04,0.000601234567901235,9.41990275434065e-05,"514"
"77","Big Bend Seagrasses Aquatic Preserve",2011,72,3e-04,8e-04,5e-04,0.000513888888888889,0.000109165277918271,"514"
"78","Big Bend Seagrasses Aquatic Preserve",2012,69,3e-04,7e-04,4e-04,0.000459420289855072,8.62943672412157e-05,"514"
"79","Big Bend Seagrasses Aquatic Preserve",2013,72,2e-04,6e-04,5e-04,0.0004625,8.79140104843171e-05,"514"
"80","Big Bend Seagrasses Aquatic Preserve",2014,71,2e-04,9e-04,4e-04,0.000449295774647887,9.39197825451056e-05,"514"
"81","Big Bend Seagrasses Aquatic Preserve",2015,88,3e-04,0.511,6e-04,0.0715840909090909,0.146032429783899,"5002;514"
"82","Big Bend Seagrasses Aquatic Preserve",2016,140,2e-04,0.616,0.117,0.192810714285714,0.200063661701217,"5002;514"
"83","Big Bend Seagrasses Aquatic Preserve",2017,190,1e-04,0.622,0.03,0.135445263157895,0.183186515681991,"5002;514"
"84","Big Bend Seagrasses Aquatic Preserve",2018,397,2e-04,1.504,0.356,0.311290176322418,0.212823613667668,"5002;514"
"85","Big Bend Seagrasses Aquatic Preserve",2019,455,3e-04,0.736,0.325,0.294651428571429,0.157308940660826,"5002;514"
"86","Big Bend Seagrasses Aquatic Preserve",2020,20,0.245,0.446,0.354,0.34665,0.0538782985313343,"5002"
"87","Biscayne Bay-Cape Florida to Monroe County Line Aquatic Preserve",2004,4,0,0,0,0,0,"3"
"88","Biscayne Bay-Cape Florida to Monroe County Line Aquatic Preserve",2007,2,0,0,0,0,0,"3"
"89","Biscayne Bay-Cape Florida to Monroe County Line Aquatic Preserve",2009,3,0,0,0,0,0,"3"
"90","Biscayne Bay-Cape Florida to Monroe County Line Aquatic Preserve",2010,2,0,0,0,0,0,"3"
"91","Biscayne Bay-Cape Florida to Monroe County Line Aquatic Preserve",2011,3,0,0,0,0,0,"3"
"92","Biscayne Bay-Cape Florida to Monroe County Line Aquatic Preserve",2012,1,0,0,0,0,NA,"3"
"93","Biscayne Bay Aquatic Preserve",2000,27,2e-04,7e-04,3e-04,0.000374074074074074,0.000165465758931923,"514"
"94","Biscayne Bay Aquatic Preserve",2001,30,2e-04,6e-04,4e-04,0.000406666666666667,0.000111210683353507,"514"
"95","Biscayne Bay Aquatic Preserve",2002,62,0,9.193,0.00045,0.446803225806452,1.48210653296967,"3;514"
"96","Biscayne Bay Aquatic Preserve",2003,101,0,14.989,2e-04,0.973619801980198,2.31869181591775,"3;514"
"97","Biscayne Bay Aquatic Preserve",2004,125,0,13.9,2e-04,0.6593376,1.58590708259445,"3;514"
"98","Biscayne Bay Aquatic Preserve",2005,118,0,20.3,2e-04,1.62297627118644,3.74677316094837,"3;514"
"99","Biscayne Bay Aquatic Preserve",2006,71,0,25.8,0,1.38676056338028,4.36785556231885,"3"
"100","Biscayne Bay Aquatic Preserve",2007,48,0,16.3,0.06,2.11770833333333,3.97021047707417,"3"
"101","Biscayne Bay Aquatic Preserve",2008,28,0,6,0.145,0.906071428571429,1.60654526808699,"3"
"102","Biscayne Bay Aquatic Preserve",2009,67,0,11.57,0,0.737417910447761,1.85695130685702,"3"
"103","Biscayne Bay Aquatic Preserve",2010,58,0,21.028,0,2.07287931034483,3.61601503585984,"3"
"104","Biscayne Bay Aquatic Preserve",2011,68,0,5.071,0.0895,0.821808823529412,1.08694634913188,"3"
"105","Biscayne Bay Aquatic Preserve",2012,48,0,9.899,0.169,1.134625,1.79094984456424,"3"
"106","Boca Ciega Bay Aquatic Preserve",1999,16,0.02,0.69,0.15,0.201875,0.207307139288545,"5002"
"107","Boca Ciega Bay Aquatic Preserve",2000,2,0.02,0.34,0.18,0.18,0.226274169979695,"5002"
"108","Boca Ciega Bay Aquatic Preserve",2001,14,0.02,0.57,0.22,0.240714285714286,0.231598601221838,"5002"
"109","Boca Ciega Bay Aquatic Preserve",2004,230,0.009,1.07,0.0925,0.267804347826087,0.279123270224849,"5002"
"110","Boca Ciega Bay Aquatic Preserve",2005,326,0,1.2,0.02,0.21241717791411,0.298051845070896,"5002"
"111","Boca Ciega Bay Aquatic Preserve",2006,350,0,1.25,0.02,0.166685714285714,0.285876500819559,"5002"
"112","Boca Ciega Bay Aquatic Preserve",2007,326,0,0.98,0.02,0.168128834355828,0.265992241581228,"5002"
"113","Boca Ciega Bay Aquatic Preserve",2008,287,0,0.94,0.02,0.171428571428571,0.262258308885382,"5002"
"114","Boca Ciega Bay Aquatic Preserve",2009,358,0,1.02,0.02,0.199413407821229,0.284194161819774,"5002"
"115","Boca Ciega Bay Aquatic Preserve",2010,300,0,0.9,0.02,0.157443333333333,0.255268774588318,"5002"
"116","Boca Ciega Bay Aquatic Preserve",2011,210,0,1.1,0.02,0.176471428571429,0.259249028905375,"5002"
"117","Boca Ciega Bay Aquatic Preserve",2012,304,0,1.59,0.02,0.203486842105263,0.296611801657325,"5002"
"118","Boca Ciega Bay Aquatic Preserve",2013,267,0,0.74,0.01,0.091498127340824,0.192033055866307,"5002"
"119","Boca Ciega Bay Aquatic Preserve",2014,281,0,0.66,0.01,0.0911743772241993,0.190177665576128,"5002"
"120","Boca Ciega Bay Aquatic Preserve",2015,291,0,0.88,0.01,0.194982817869416,0.268099794300101,"5002"
"121","Boca Ciega Bay Aquatic Preserve",2016,319,0,1.04,0.01,0.214451410658307,0.300660065244637,"5002"
"122","Boca Ciega Bay Aquatic Preserve",2017,339,0,1.19,0.01,0.233215339233038,0.330399593464709,"5002"
"123","Boca Ciega Bay Aquatic Preserve",2018,242,0.01,1.33,0.22,0.379917355371901,0.396171503722115,"5002"
"124","Boca Ciega Bay Aquatic Preserve",2019,303,0.01,1.83,0.02,0.38960396039604,0.414333233115247,"5002"
"125","Boca Ciega Bay Aquatic Preserve",2020,122,0.01,1.71,0.24,0.474262295081967,0.50453139707327,"5002"
"126","Cape Haze Aquatic Preserve",2006,2,0.011,0.565,0.288,0.288,0.391737156777347,"5002"
"127","Cape Haze Aquatic Preserve",2015,3,0,0.73,0.008,0.246,0.419175380956468,"5002"
"128","Cape Romano-Ten Thousand Islands Aquatic Preserve",1989,10,0,0.68,0.085,0.243,0.284645978951633,"5002"
"129","Cape Romano-Ten Thousand Islands Aquatic Preserve",1990,50,0,1.7,0.065,0.2572,0.352929662877429,"5002"
"130","Cape Romano-Ten Thousand Islands Aquatic Preserve",1991,29,0,0.79,0.045,0.270344827586207,0.294700001922302,"5002"
"131","Cape Romano-Ten Thousand Islands Aquatic Preserve",1994,8,0.02,0.869,0.175,0.35975,0.372853762984134,"5002"
"132","Cape Romano-Ten Thousand Islands Aquatic Preserve",1995,1,0.14,0.14,0.14,0.14,NA,"5002"
"133","Cape Romano-Ten Thousand Islands Aquatic Preserve",2001,20,3e-04,7e-04,0.00045,0.000465,0.000103998987849326,"514"
"134","Cape Romano-Ten Thousand Islands Aquatic Preserve",2002,207,0,1.724,0.012,0.153326570048309,0.28760449096397,"354"
"135","Cape Romano-Ten Thousand Islands Aquatic Preserve",2003,196,0,0.608,0.0195,0.167010204081633,0.214205293089714,"354"
"136","Cape Romano-Ten Thousand Islands Aquatic Preserve",2004,192,0,0.804,0.014,0.1485453125,0.19554201214047,"354"
"137","Cape Romano-Ten Thousand Islands Aquatic Preserve",2005,216,0,0.793,0.013,0.111236111111111,0.169468402190748,"354"
"138","Cape Romano-Ten Thousand Islands Aquatic Preserve",2006,204,0,0.818,0.0105,0.0984166666666667,0.152746958776387,"354"
"139","Cape Romano-Ten Thousand Islands Aquatic Preserve",2007,178,0,0.656,0.0155,0.120977528089888,0.159366009286451,"354"
"140","Cape Romano-Ten Thousand Islands Aquatic Preserve",2008,138,0,0.652,0.0205,0.139384057971014,0.187442655852524,"354"
"141","Cape Romano-Ten Thousand Islands Aquatic Preserve",2009,79,0,0.052,0.003,0.0177341772151899,0.0201791393051437,"354"
"142","Cape Romano-Ten Thousand Islands Aquatic Preserve",2010,81,0,0.063,0.005,0.016679012345679,0.020073506893723,"354"
"143","Cape Romano-Ten Thousand Islands Aquatic Preserve",2011,130,0,0.055,0.01,0.0112538461538462,0.0139151980593311,"354"
"144","Cape Romano-Ten Thousand Islands Aquatic Preserve",2012,106,0,1.13,0.02,0.268150943396226,0.353021321154371,"354"
"145","Cape Romano-Ten Thousand Islands Aquatic Preserve",2013,318,0,1.007,0.4175,0.325540880503145,0.322637098086508,"354"
"146","Cape Romano-Ten Thousand Islands Aquatic Preserve",2014,96,0.33,0.8,0.555,0.556145833333333,0.102632402718241,"354"
"147","Cape Romano-Ten Thousand Islands Aquatic Preserve",2015,159,0.24,1.32,0.58,0.604716981132076,0.184283804657879,"354"
"148","Cape Romano-Ten Thousand Islands Aquatic Preserve",2016,331,0,0.85,0.39,0.307054380664653,0.302619468125115,"354;3"
"149","Cape Romano-Ten Thousand Islands Aquatic Preserve",2017,277,0,1.4,0.356,0.34141155234657,0.370765400468949,"354"
"150","Cape Romano-Ten Thousand Islands Aquatic Preserve",2018,247,0,1.015,0.033,0.357789473684211,0.370230081465674,"354"
"151","Cape Romano-Ten Thousand Islands Aquatic Preserve",2019,339,0,1.31,0.48,0.365345132743363,0.367331205930697,"354"
"152","Cockroach Bay Aquatic Preserve",2000,16,3e-04,0.0015,0.00055,0.00074375,0.00039660013447636,"514"
"153","Cockroach Bay Aquatic Preserve",2001,16,5e-04,0.0018,0.0012,0.00120625,0.000397439722893086,"514"
"154","Cockroach Bay Aquatic Preserve",2002,9,9e-04,0.0016,0.0015,0.00135555555555556,0.000260341655863555,"514"
"155","Cockroach Bay Aquatic Preserve",2003,7,8e-04,0.0014,0.0011,0.0011,0.000208166599946613,"514"
"156","Cockroach Bay Aquatic Preserve",2004,21,4e-04,0.002,0.0011,0.00110952380952381,0.000396112057257491,"514"
"157","Cockroach Bay Aquatic Preserve",2005,27,2e-04,0.0015,9e-04,0.000825925925925926,0.000322958192808286,"514"
"158","Cockroach Bay Aquatic Preserve",2006,25,2e-04,0.0014,9e-04,0.000844,0.000313687742827162,"514"
"159","Cockroach Bay Aquatic Preserve",2007,22,4e-04,0.0015,8e-04,0.000886363636363636,0.000310599197474593,"514"
"160","Cockroach Bay Aquatic Preserve",2008,23,4e-04,0.0016,0.001,0.000939130434782609,0.000282423168047174,"514"
"161","Cockroach Bay Aquatic Preserve",2010,18,6e-04,0.0012,8e-04,0.000866666666666667,0.000194028500029066,"514"
"162","Cockroach Bay Aquatic Preserve",2011,6,4e-04,0.0011,0.00095,0.00085,0.000258843582110896,"514"
"163","Cockroach Bay Aquatic Preserve",2012,10,4e-04,0.0014,0.00105,0.00099,0.000307137319994385,"514"
"164","Cockroach Bay Aquatic Preserve",2013,18,7e-04,0.0016,0.00095,0.000988888888888889,0.000211128310272907,"514"
"165","Cockroach Bay Aquatic Preserve",2014,2,0.0011,0.0012,0.00115,0.00115,7.07106781186546e-05,"514"
"166","Cockroach Bay Aquatic Preserve",2017,42,0.003,1.353,0.3305,0.370833333333333,0.370509465773335,"5002"
"167","Cockroach Bay Aquatic Preserve",2018,81,0.011,1.258,0.263,0.33483950617284,0.291203771300705,"5002"
"168","Cockroach Bay Aquatic Preserve",2019,87,0.011,0.983,0.184,0.261655172413793,0.245729943825946,"5002"
"169","Cockroach Bay Aquatic Preserve",2020,71,0.013,1.146,0.181,0.306788732394366,0.313741518519076,"5002"
"170","Coupon Bight Aquatic Preserve",1995,6,0,0.3916,0.0812,0.130683333333333,0.161370089132611,"297"
"171","Coupon Bight Aquatic Preserve",1996,6,0,0.3481,0.1294,0.14465,0.161697442775079,"297"
"172","Coupon Bight Aquatic Preserve",1997,8,0,0.3126,0.0681,0.105725,0.122932022446786,"297"
"173","Coupon Bight Aquatic Preserve",1998,6,0,0.215,0.09795,0.103883333333333,0.113986918840131,"297"
"174","Coupon Bight Aquatic Preserve",1999,8,0,0.2916,0.0934,0.1128375,0.124472761650319,"297"
"175","Coupon Bight Aquatic Preserve",2000,7,0,0.318,0.0426,0.0894142857142857,0.121601486128137,"297"
"176","Coupon Bight Aquatic Preserve",2001,8,0,0.2774,0.0343,0.0731625,0.0983747054814978,"297"
"177","Coupon Bight Aquatic Preserve",2002,8,0,0.211,0.05085,0.0776875,0.091901195973875,"297"
"178","Coupon Bight Aquatic Preserve",2003,8,0,0.4148,0.05985,0.1496625,0.182714702962218,"297"
"179","Coupon Bight Aquatic Preserve",2004,8,0,0.2712,0.0679,0.111,0.124847381115619,"297"
"180","Coupon Bight Aquatic Preserve",2005,8,0,0.3894,0.07905,0.129125,0.151809944620615,"297"
"181","Coupon Bight Aquatic Preserve",2006,8,0,0.2939,0.08215,0.1106,0.123350592100032,"297"
"182","Coupon Bight Aquatic Preserve",2007,8,0,0.2412,0.0596,0.087375,0.099918491782052,"297"
"183","Coupon Bight Aquatic Preserve",2008,8,0,0.1912,0.05775,0.074475,0.0825331924569919,"297"
"184","Coupon Bight Aquatic Preserve",2009,8,0,0.2937,0.05095,0.1088625,0.130931933652566,"297"
"185","Coupon Bight Aquatic Preserve",2010,8,0,0.2391,0.07055,0.102225,0.112908822254318,"297"
"186","Coupon Bight Aquatic Preserve",2011,6,0,0.2328,0.05775,0.0905166666666667,0.106135317715955,"297"
"187","Estero Bay Aquatic Preserve",2011,6,3e-04,4e-04,4e-04,0.000383333333333333,4.08248290463863e-05,"514"
"188","Estero Bay Aquatic Preserve",2012,18,3e-04,5e-04,4e-04,0.000383333333333333,7.85905247993376e-05,"514"
"189","Estero Bay Aquatic Preserve",2013,18,2e-04,6e-04,4e-04,4e-04,0.000108465228909328,"514"
"190","Estero Bay Aquatic Preserve",2014,15,2e-04,5e-04,3e-04,0.00034,9.85610760609162e-05,"514"
"191","Estero Bay Aquatic Preserve",2015,15,3e-04,7e-04,5e-04,5e-04,0.000119522860933439,"514"
"192","Estero Bay Aquatic Preserve",2016,6,3e-04,6e-04,0.00045,0.00045,0.000104880884817015,"514"
"193","Estero Bay Aquatic Preserve",2017,3,3e-04,4e-04,3e-04,0.000333333333333333,5.77350269189626e-05,"514"
"194","Florida Keys National Marine Sanctuary",1995,1066,0,0.413,9e-04,0.0733639774859287,0.0983891323664698,"297"
"195","Florida Keys National Marine Sanctuary",1996,1088,0,0.4882,0.00095,0.0759965073529412,0.102417178991845,"297"
"196","Florida Keys National Marine Sanctuary",1997,1434,0,0.6935,0.0015,0.072007810320781,0.102080167832476,"297"
"197","Florida Keys National Marine Sanctuary",1998,1396,0,3.34,9e-04,0.073318553008596,0.14431212759733,"3;297;514"
"198","Florida Keys National Marine Sanctuary",1999,1703,0,1.796,5e-04,0.0602564885496183,0.112389544485404,"3;297;514"
"199","Florida Keys National Marine Sanctuary",2000,1802,0,1.891,9e-04,0.0598170921198668,0.127536931393515,"3;297;514"
"200","Florida Keys National Marine Sanctuary",2001,1696,0,4.02,7e-04,0.0587896816037736,0.185580529744668,"3;297;514"
"201","Florida Keys National Marine Sanctuary",2002,1691,0,2.9863,8e-04,0.0914149024246008,0.223489717016479,"3;297;514"
"202","Florida Keys National Marine Sanctuary",2003,1804,0,14.989,7e-04,0.111943458980044,0.465327226672662,"3;297;514"
"203","Florida Keys National Marine Sanctuary",2004,1947,0,9.44,4e-04,0.117212326656394,0.364203728721262,"3;297;514"
"204","Florida Keys National Marine Sanctuary",2005,1678,0,9.6,0.001,0.104179976162098,0.449994366152502,"3;297;514"
"205","Florida Keys National Marine Sanctuary",2006,1642,0,2.1,0.0014,0.0580802070645554,0.116211995148567,"3;297;514"
"206","Florida Keys National Marine Sanctuary",2007,1601,0,11.5,0.0021,0.0942420362273579,0.519410976119201,"3;297;514"
"207","Florida Keys National Marine Sanctuary",2008,1576,0,3.3,0.0012,0.0775498730964467,0.167511060350254,"3;297;514"
"208","Florida Keys National Marine Sanctuary",2009,1712,0,7.23,6e-04,0.0749951518691589,0.220158995133916,"3;297;514"
"209","Florida Keys National Marine Sanctuary",2010,1738,0,21.028,8e-04,0.147725086306099,0.683658038842393,"3;297;514"
"210","Florida Keys National Marine Sanctuary",2011,1640,0,5.731,7e-04,0.0839412804878049,0.251767480561005,"3;297;514"
"211","Florida Keys National Marine Sanctuary",2012,1278,0,6.817,7e-04,0.0898301251956182,0.361273466737246,"3;297;514"
"212","Florida Keys National Marine Sanctuary",2013,1156,0,0.4217,0.0013,0.0420749134948097,0.0718551386184729,"297;514"
"213","Florida Keys National Marine Sanctuary",2014,1195,0,0.5881,0.0013,0.0457997489539749,0.072614037673673,"3;297;514"
"214","Florida Keys National Marine Sanctuary",2015,1329,0,0.7369,6e-04,0.0389416102332581,0.0688948322689667,"3;297;514"
"215","Florida Keys National Marine Sanctuary",2016,1309,0,1.2243,6e-04,0.0531155844155844,0.102370671009495,"3;297;514"
"216","Florida Keys National Marine Sanctuary",2017,1096,0,0.7176,0.00155,0.0652257299270073,0.0962841355202994,"297;514"
"217","Florida Keys National Marine Sanctuary",2018,1152,0,1.2686,0.001,0.0703703993055556,0.115459789039231,"297;514"
"218","Florida Keys National Marine Sanctuary",2019,834,0,1.0534,7e-04,0.0745202637889688,0.122862771258322,"297;514"
"219","Florida Keys National Marine Sanctuary",2020,122,0,0.48,0.01705,0.0637459016393443,0.0865856697508607,"297;514"
"220","Fort Clinch Aquatic Preserve",2004,4,0.004,0.55,0.2575,0.26725,0.303836990287007,"5002"
"221","Fort Pickens Aquatic Preserve",1999,35,0,0.61,0.01,0.151828571428571,0.165017019748639,"5002"
"222","Fort Pickens Aquatic Preserve",2000,20,0.005,0.54,0.01,0.19395,0.22147103291639,"5002"
"223","Fort Pickens Aquatic Preserve",2001,11,0.005,0.55,0.01,0.180818181818182,0.2119366972385,"5002"
"224","Fort Pickens Aquatic Preserve",2002,2,0.01,0.21,0.11,0.11,0.14142135623731,"5002"
"225","Fort Pickens Aquatic Preserve",2004,9,0,0.52,0.08,0.152555555555556,0.195291519984299,"5002"
"226","Fort Pickens Aquatic Preserve",2007,2,0,0.005,0.0025,0.0025,0.00353553390593274,"5002"
"227","Gasparilla Sound-Charlotte Harbor Aquatic Preserve",1993,28,0.001,1.401,0.342,0.467178571428571,0.490309958924052,"5002"
"228","Gasparilla Sound-Charlotte Harbor Aquatic Preserve",1994,28,0.001,1.17,0.26,0.409,0.428065934692828,"5002"
"229","Gasparilla Sound-Charlotte Harbor Aquatic Preserve",1995,28,0.001,1.56,0.4135,0.522214285714286,0.515430374443989,"5002"
"230","Gasparilla Sound-Charlotte Harbor Aquatic Preserve",1996,48,0.001,1.11,0.26,0.39375,0.413323607183668,"5002"
"231","Gasparilla Sound-Charlotte Harbor Aquatic Preserve",1997,74,0.001,1.6,0.41,0.470108108108108,0.456610549190432,"5002"
"232","Gasparilla Sound-Charlotte Harbor Aquatic Preserve",1998,76,0.002,1.8,0.365,0.451118421052632,0.447777056643304,"5002"
"233","Gasparilla Sound-Charlotte Harbor Aquatic Preserve",1999,48,0.02,1.2,0.3,0.388541666666667,0.379428403154755,"5002"
"234","Gasparilla Sound-Charlotte Harbor Aquatic Preserve",2000,58,4e-04,1.49,0.02,0.253803448275862,0.350961846762063,"5002;514"
"235","Gasparilla Sound-Charlotte Harbor Aquatic Preserve",2001,69,4e-04,2.27,0.017,0.395255072463768,0.612263297969157,"5002;514"
"236","Gasparilla Sound-Charlotte Harbor Aquatic Preserve",2002,94,4e-04,1.97,0.1345,0.33215,0.420030656779251,"5002;514"
"237","Gasparilla Sound-Charlotte Harbor Aquatic Preserve",2003,140,3e-04,5.45,0.1475,0.334877142857143,0.624228216584501,"5002;514"
"238","Gasparilla Sound-Charlotte Harbor Aquatic Preserve",2004,160,0,2.34,0.122,0.34679,0.479115735181087,"5002;3;514"
"239","Gasparilla Sound-Charlotte Harbor Aquatic Preserve",2005,159,0,2.39,0.212,0.394406918238994,0.485118084165852,"5002;3;514"
"240","Gasparilla Sound-Charlotte Harbor Aquatic Preserve",2006,29,0,1.88,0.053,0.325379310344828,0.471469542554607,"5002;3"
"241","Gasparilla Sound-Charlotte Harbor Aquatic Preserve",2007,57,0,0.695,0.01,0.163545614035088,0.208172577848092,"5002;3;514"
"242","Gasparilla Sound-Charlotte Harbor Aquatic Preserve",2008,93,0,1.75,0.004,0.134368817204301,0.288476601409096,"5002;3;514"
"243","Gasparilla Sound-Charlotte Harbor Aquatic Preserve",2009,85,0,1.79,0.004,0.184264705882353,0.361018132279715,"5002;3;514"
"244","Gasparilla Sound-Charlotte Harbor Aquatic Preserve",2010,77,0,2.26,0.011,0.266493506493507,0.446436405071393,"5002;3"
"245","Gasparilla Sound-Charlotte Harbor Aquatic Preserve",2011,70,0,1.51,0.0065,0.251471428571429,0.36557418491886,"5002"
"246","Gasparilla Sound-Charlotte Harbor Aquatic Preserve",2012,72,0,1.34,0.013,0.226833333333333,0.332575015365061,"5002"
"247","Gasparilla Sound-Charlotte Harbor Aquatic Preserve",2013,72,0,1.95,0.018,0.311819444444444,0.4893033370752,"5002"
"248","Gasparilla Sound-Charlotte Harbor Aquatic Preserve",2014,99,0,2.33,0.033,0.382030303030303,0.530210094179954,"5002"
"249","Gasparilla Sound-Charlotte Harbor Aquatic Preserve",2015,105,0,1.55,0.023,0.318914285714286,0.450204614042876,"5002"
"250","Gasparilla Sound-Charlotte Harbor Aquatic Preserve",2016,120,0,3.37,0.026,0.383666666666667,0.591137037580018,"5002"
"251","Gasparilla Sound-Charlotte Harbor Aquatic Preserve",2017,67,0.004,1.82,0.236,0.471925373134328,0.47884027555957,"5002"
"252","Gasparilla Sound-Charlotte Harbor Aquatic Preserve",2018,74,0.004,1.61,0.297,0.395918918918919,0.413327153477188,"5002"
"253","Gasparilla Sound-Charlotte Harbor Aquatic Preserve",2019,66,0.006,1.33,0.266,0.343848484848485,0.367210785932768,"5002"
"254","Guana River Marsh Aquatic Preserve",2002,2,0.022,0.69,0.356,0.356,0.472347329832614,"5002"
"255","Guana River Marsh Aquatic Preserve",2017,125,0.003,3.68,0.92,0.89616,0.867264799388321,"5014"
"256","Guana River Marsh Aquatic Preserve",2018,144,0.011,2.84,0.575,0.814777777777778,0.758016794511481,"5014"
"257","Guana River Marsh Aquatic Preserve",2020,87,0.002,6.75,0.92,1.24903448275862,1.15982076049342,"5014"
"258","Guana Tolomato Matanzas National Estuarine Research Reserve",2002,2,0.022,0.69,0.356,0.356,0.472347329832614,"5002"
"259","Guana Tolomato Matanzas National Estuarine Research Reserve",2017,156,0.003,3.68,0.92,0.851288461538461,0.817690090434657,"5014"
"260","Guana Tolomato Matanzas National Estuarine Research Reserve",2018,180,0.003,2.84,0.74,0.789655555555556,0.713588252106481,"5014"
"261","Guana Tolomato Matanzas National Estuarine Research Reserve",2020,100,0.002,6.75,0.92,1.22428,1.10553828088631,"5014"
"262","Indian River-Malabar to Vero Beach Aquatic Preserve",2005,15,0,1.1,0.036,0.332066666666667,0.447788289687161,"5002"
"263","Indian River-Malabar to Vero Beach Aquatic Preserve",2006,30,0,0.83,0.0305,0.223833333333333,0.3118765320834,"5002"
"264","Indian River-Malabar to Vero Beach Aquatic Preserve",2008,44,0,1.3,0.028,0.243681818181818,0.361694447220448,"5002"
"265","Indian River-Malabar to Vero Beach Aquatic Preserve",2009,55,0,1.2,0.031,0.276818181818182,0.373757650282614,"5002"
"266","Jensen Beach to Jupiter Inlet Aquatic Preserve",1991,2,0.025,0.07,0.0475,0.0475,0.0318198051533946,"10000"
"267","Jensen Beach to Jupiter Inlet Aquatic Preserve",1992,4,0.025,0.05,0.025,0.03125,0.0125,"10000"
"268","Jensen Beach to Jupiter Inlet Aquatic Preserve",1993,4,0.025,0.025,0.025,0.025,0,"10000"
"269","Jensen Beach to Jupiter Inlet Aquatic Preserve",1994,6,0.025,0.025,0.025,0.025,0,"10000"
"270","Jensen Beach to Jupiter Inlet Aquatic Preserve",1995,6,0.025,0.025,0.025,0.025,0,"10000"
"271","Jensen Beach to Jupiter Inlet Aquatic Preserve",1996,6,0.025,0.025,0.025,0.025,0,"10000"
"272","Jensen Beach to Jupiter Inlet Aquatic Preserve",1997,6,0.01,0.025,0.015,0.0166666666666667,0.00683130051063973,"10000"
"273","Jensen Beach to Jupiter Inlet Aquatic Preserve",1998,6,0.006,0.05,0.01,0.016,0.0167332005306815,"10000"
"274","Jensen Beach to Jupiter Inlet Aquatic Preserve",1999,6,0.006,0.05,0.006,0.0133333333333333,0.01796292478041,"10000"
"275","Jensen Beach to Jupiter Inlet Aquatic Preserve",2000,6,0.006,0.03,0.007,0.011,0.0094233751915118,"10000"
"276","Jensen Beach to Jupiter Inlet Aquatic Preserve",2001,6,0.006,0.012,0.0085,0.00883333333333333,0.00231660671385254,"10000"
"277","Jensen Beach to Jupiter Inlet Aquatic Preserve",2002,6,0.006,0.013,0.008,0.0085,0.00266458251889485,"10000"
"278","Jensen Beach to Jupiter Inlet Aquatic Preserve",2003,8,0.006,0.78,0.007,0.20075,0.357531117526853,"10000"
"279","Jensen Beach to Jupiter Inlet Aquatic Preserve",2004,6,0.006,0.029,0.008,0.0111666666666667,0.00895358401237553,"10000"
"280","Jensen Beach to Jupiter Inlet Aquatic Preserve",2005,18,0.006,2.15,0.455,0.616333333333333,0.684662733631333,"10000"
"281","Jensen Beach to Jupiter Inlet Aquatic Preserve",2006,16,0.006,0.73,0.2,0.1938125,0.226681044274402,"10000"
"282","Jensen Beach to Jupiter Inlet Aquatic Preserve",2007,18,0.006,0.82,0.2,0.220166666666667,0.243092877433345,"10000"
"283","Jensen Beach to Jupiter Inlet Aquatic Preserve",2008,18,0.005,0.69,0.2,0.207555555555556,0.206582905226996,"10000"
"284","Jensen Beach to Jupiter Inlet Aquatic Preserve",2009,18,0.005,0.47,0.2,0.165,0.143874945699382,"10000"
"285","Jensen Beach to Jupiter Inlet Aquatic Preserve",2010,18,0.005,0.48,0.2,0.170555555555556,0.148035060323449,"10000"
"286","Jensen Beach to Jupiter Inlet Aquatic Preserve",2011,18,0.005,0.58,0.2,0.203444444444444,0.188720216885838,"10000"
"287","Jensen Beach to Jupiter Inlet Aquatic Preserve",2012,18,0.003,0.2,0.2,0.134333333333333,0.0955590362643152,"10000"
"288","Jensen Beach to Jupiter Inlet Aquatic Preserve",2013,18,0.005,0.2,0.2,0.135333333333333,0.0941131984242755,"10000"
"289","Jensen Beach to Jupiter Inlet Aquatic Preserve",2014,18,0.005,0.28,0.2,0.144055555555556,0.103881421212855,"10000"
"290","Jensen Beach to Jupiter Inlet Aquatic Preserve",2015,18,0.005,0.2,0.2,0.135,0.0945888937641699,"10000"
"291","Jensen Beach to Jupiter Inlet Aquatic Preserve",2016,18,0.005,0.421,0.2,0.182277777777778,0.13895568720472,"10000"
"292","Jensen Beach to Jupiter Inlet Aquatic Preserve",2017,15,0.005,0.21,0.2,0.137333333333333,0.0961744446800906,"10000"
"293","Jensen Beach to Jupiter Inlet Aquatic Preserve",2018,10,0.005,0.405,0.2025,0.1743,0.161960934933225,"10000"
"294","Jensen Beach to Jupiter Inlet Aquatic Preserve",2019,12,0.005,0.805,0.2025,0.25325,0.280161682215499,"10000"
"295","Lignumvitae Key Aquatic Preserve",1998,10,0,2.85,0.8685,0.8588,0.849376738817614,"3"
"296","Loxahatchee River-Lake Worth Creek Aquatic Preserve",1991,32,0.025,0.92,0.16,0.2990625,0.293129492193379,"10000"
"297","Loxahatchee River-Lake Worth Creek Aquatic Preserve",1992,68,0.025,1.82,0.0835,0.460602941176471,0.508822877422228,"10000"
"298","Loxahatchee River-Lake Worth Creek Aquatic Preserve",1993,71,0.025,1.36,0.108,0.395380281690141,0.442098384854942,"10000"
"299","Loxahatchee River-Lake Worth Creek Aquatic Preserve",1994,115,0.025,2.26,0.13,0.516686956521739,0.627754594542108,"10000"
"300","Loxahatchee River-Lake Worth Creek Aquatic Preserve",1995,103,0.025,2.17,0.07,0.435029126213592,0.581491413392519,"10000"
"301","Loxahatchee River-Lake Worth Creek Aquatic Preserve",1996,122,0.025,2.16,0.1005,0.58355737704918,0.655785177600108,"10000"
"302","Loxahatchee River-Lake Worth Creek Aquatic Preserve",1997,126,0.01,1.87,0.124,0.624992063492063,0.654079573092226,"10000"
"303","Loxahatchee River-Lake Worth Creek Aquatic Preserve",1998,110,0.01,2.18,0.0805,0.428918181818182,0.532692488047609,"10000"
"304","Loxahatchee River-Lake Worth Creek Aquatic Preserve",1999,124,0.006,2,0.128,0.574629032258064,0.60945370003275,"10000"
"305","Loxahatchee River-Lake Worth Creek Aquatic Preserve",2000,100,0.006,2.14,0.0475,0.4735,0.653576786737118,"10000"
"306","Loxahatchee River-Lake Worth Creek Aquatic Preserve",2001,118,4e-04,2.46,0.0795,0.598635593220339,0.757891734767096,"10000;514"
"307","Loxahatchee River-Lake Worth Creek Aquatic Preserve",2002,121,2e-04,1.76,0.067,0.305468595041322,0.424187052692767,"10000;514"
"308","Loxahatchee River-Lake Worth Creek Aquatic Preserve",2003,137,2e-04,2.7,0.095,0.632870072992701,0.806738403493548,"10000;514"
"309","Loxahatchee River-Lake Worth Creek Aquatic Preserve",2004,130,3e-04,2.49,0.047,0.442414615384615,0.5968489926416,"10000;514"
"310","Loxahatchee River-Lake Worth Creek Aquatic Preserve",2005,246,3e-04,3.93,0.695,0.821730894308943,0.826910295915237,"10000;514"
"311","Loxahatchee River-Lake Worth Creek Aquatic Preserve",2006,236,4e-04,2.75,0.33,0.499717372881356,0.574401379342456,"10000;514"
"312","Loxahatchee River-Lake Worth Creek Aquatic Preserve",2007,372,3e-04,2.09,0.2,0.424408064516129,0.455198856091576,"10000;514"
"313","Loxahatchee River-Lake Worth Creek Aquatic Preserve",2008,382,3e-04,1.56,0.285,0.396863089005236,0.376047637812477,"10000;514"
"314","Loxahatchee River-Lake Worth Creek Aquatic Preserve",2009,378,1e-04,1.51,0.2,0.355648412698413,0.363975239283935,"10000;514"
"315","Loxahatchee River-Lake Worth Creek Aquatic Preserve",2010,372,4e-04,1.99,0.225,0.375643817204301,0.358343936173612,"10000;514"
"316","Loxahatchee River-Lake Worth Creek Aquatic Preserve",2011,372,5e-04,2.2,0.245,0.430273387096774,0.436906461232452,"10000;514"
"317","Loxahatchee River-Lake Worth Creek Aquatic Preserve",2012,372,4e-04,1.077,0.2,0.336907258064516,0.30603354470754,"10000;514"
"318","Loxahatchee River-Lake Worth Creek Aquatic Preserve",2013,370,3e-04,1.093,0.2,0.335709459459459,0.292327751691353,"10000;514"
"319","Loxahatchee River-Lake Worth Creek Aquatic Preserve",2014,381,3e-04,1.3,0.3,0.382202362204724,0.337622533498557,"10000;514"
"320","Loxahatchee River-Lake Worth Creek Aquatic Preserve",2015,379,5e-04,1.377,0.2,0.36811345646438,0.332339597150742,"10000;514"
"321","Loxahatchee River-Lake Worth Creek Aquatic Preserve",2016,360,4e-04,1.3,0.3,0.397385277777778,0.345651641223794,"10000;514"
"322","Loxahatchee River-Lake Worth Creek Aquatic Preserve",2017,339,3e-04,1.616,0.3,0.442529203539823,0.409944806433921,"10000;514"
"323","Loxahatchee River-Lake Worth Creek Aquatic Preserve",2018,285,3e-04,2.1,0.3,0.407684561403509,0.384755170242605,"10000;514"
"324","Loxahatchee River-Lake Worth Creek Aquatic Preserve",2019,335,4e-04,1.218,0.345,0.402527164179105,0.339862455724071,"10000;514"
"325","Nassau River-St. Johns River Marshes Aquatic Preserve",2004,16,0.004,0.76,0.192,0.292625,0.315061660631693,"5002"
"326","Pine Island Sound Aquatic Preserve",2001,35,3e-04,8e-04,5e-04,0.000471428571428571,0.000107296808163229,"514"
"327","Pine Island Sound Aquatic Preserve",2002,24,3e-04,7e-04,4e-04,0.000433333333333333,0.000120385853085769,"514"
"328","Pinellas County Aquatic Preserve",1999,536,0.02,4.95,0.315,0.77464552238806,1.14981179496054,"5002"
"329","Pinellas County Aquatic Preserve",2000,510,0.004,7.6,0.38,0.914221568627451,1.30261064899446,"5002"
"330","Pinellas County Aquatic Preserve",2001,521,3e-04,5.02,0.1,0.813392322456814,1.16152719411631,"5002;514"
"331","Pinellas County Aquatic Preserve",2002,33,2e-04,6e-04,3e-04,0.000333333333333333,0.000102062072615966,"514"
"332","Pinellas County Aquatic Preserve",2003,39,2e-04,0.0022,3e-04,0.000558974358974359,0.000647959529567098,"514"
"333","Pinellas County Aquatic Preserve",2004,1192,2e-04,3.79,0.08,0.366717869127517,0.511867266449967,"5002;514"
"334","Pinellas County Aquatic Preserve",2005,1656,0,4.7,0.02,0.278811050724638,0.559553673759171,"5002;514"
"335","Pinellas County Aquatic Preserve",2006,1613,0,6.83,0.02,0.220312151270924,0.503079850563827,"5002;514"
"336","Pinellas County Aquatic Preserve",2007,1645,0,3.98,0.02,0.215012218844985,0.479568084153276,"5002;514"
"337","Pinellas County Aquatic Preserve",2008,1400,0,4.17,0.02,0.251488071428571,0.518197648154051,"5002;514"
"338","Pinellas County Aquatic Preserve",2009,1686,0,6.5,0.02,0.291861862396204,0.607722265208963,"5002;514"
"339","Pinellas County Aquatic Preserve",2010,1502,0,3.88,0.02,0.237958854860186,0.453332381260763,"5002;514"
"340","Pinellas County Aquatic Preserve",2011,1082,0,3.4,0.025,0.283341312384473,0.464610203211419,"5002;514"
"341","Pinellas County Aquatic Preserve",2012,1561,0,4.75,0.02,0.278888468930173,0.50794642572363,"5002;514"
"342","Pinellas County Aquatic Preserve",2013,1233,0,3.71,0.01,0.208240064882401,0.442112403566117,"5002"
"343","Pinellas County Aquatic Preserve",2014,1260,0,2.45,0.01,0.181928571428571,0.349080505076077,"5002"
"344","Pinellas County Aquatic Preserve",2015,1280,0,2.66,0.01,0.2418203125,0.394114300474924,"5002"
"345","Pinellas County Aquatic Preserve",2016,1363,0,3,0.01,0.24483492296405,0.405159853025231,"5002"
"346","Pinellas County Aquatic Preserve",2017,1462,0,3.12,0.01,0.288871409028728,0.45259600864306,"5002"
"347","Pinellas County Aquatic Preserve",2018,1127,5e-04,3.44,0.07,0.399537710736468,0.478789708941577,"5002;514"
"348","Pinellas County Aquatic Preserve",2019,1255,2e-04,2.48,0.02,0.358496892430279,0.432143221778488,"5002;514"
"349","Pinellas County Aquatic Preserve",2020,330,0.01,2.44,0.105,0.458090909090909,0.502191844064967,"5002"
"350","Rocky Bayou Aquatic Preserve",2001,12,1e-04,4e-04,3e-04,0.000266666666666667,8.87625364598595e-05,"514"
"351","Rocky Bayou Aquatic Preserve",2002,11,1e-04,3e-04,2e-04,0.000218181818181818,6.03022689155527e-05,"514"
"352","Rocky Bayou Aquatic Preserve",2003,12,1e-04,5e-04,3e-04,0.000283333333333333,0.000102985730108887,"514"
"353","Rocky Bayou Aquatic Preserve",2004,11,2e-04,3e-04,3e-04,0.000263636363636364,5.04524979109513e-05,"514"
"354","Rocky Bayou Aquatic Preserve",2005,8,1e-04,4e-04,2e-04,0.000225,8.86405260427918e-05,"514"
"355","Rocky Bayou Aquatic Preserve",2006,11,2e-04,4e-04,2e-04,0.000245454545454545,6.87551650952329e-05,"514"
"356","Rocky Bayou Aquatic Preserve",2007,9,2e-04,3e-04,2e-04,0.000222222222222222,4.40958551844098e-05,"514"
"357","Rocky Bayou Aquatic Preserve",2008,8,2e-04,3e-04,2e-04,0.0002375,5.17549169506765e-05,"514"
"358","Rocky Bayou Aquatic Preserve",2009,9,1e-04,5e-04,3e-04,3e-04,0.000122474487139159,"514"
"359","Rocky Bayou Aquatic Preserve",2010,8,2e-04,3e-04,2e-04,0.0002375,5.17549169506765e-05,"514"
"360","Rocky Bayou Aquatic Preserve",2011,11,1e-04,4e-04,2e-04,0.000236363636363636,8.0903983495589e-05,"514"
"361","Rocky Bayou Aquatic Preserve",2012,12,1e-04,4e-04,0.00025,0.000258333333333333,9.0033663737852e-05,"514"
"362","Rocky Bayou Aquatic Preserve",2013,12,2e-04,4e-04,3e-04,0.000283333333333333,7.17740562565273e-05,"514"
"363","Rocky Bayou Aquatic Preserve",2014,12,2e-04,6e-04,3e-04,0.000283333333333333,0.000111464085804543,"514"
"364","Rocky Bayou Aquatic Preserve",2015,12,2e-04,5e-04,3e-04,0.000316666666666667,8.34847109936722e-05,"514"
"365","Rocky Bayou Aquatic Preserve",2016,12,1e-04,6e-04,3e-04,3e-04,0.000127920429813366,"514"
"366","Rocky Bayou Aquatic Preserve",2017,12,1e-04,3e-04,2e-04,0.000233333333333333,6.51338947278929e-05,"514"
"367","Rocky Bayou Aquatic Preserve",2018,12,2e-04,4e-04,0.00025,0.000258333333333333,6.68557923421521e-05,"514"
"368","Rocky Bayou Aquatic Preserve",2019,9,2e-04,3e-04,3e-04,0.000255555555555556,5.2704627669473e-05,"514"
"369","Rookery Bay Aquatic Preserve",1989,22,0,1.1,0.01,0.317272727272727,0.470219622630206,"5002"
"370","Rookery Bay Aquatic Preserve",1990,80,0,1.3,0.055,0.253375,0.301959607282795,"5002"
"371","Rookery Bay Aquatic Preserve",1991,27,0,0.7,0.31,0.308888888888889,0.207073627435961,"5002"
"372","Rookery Bay Aquatic Preserve",1995,2,0.12,0.13,0.125,0.125,0.00707106781186548,"5002"
"373","Rookery Bay Aquatic Preserve",2001,22,2e-04,5e-04,4e-04,0.000359090909090909,7.34139659030241e-05,"514"
"374","Rookery Bay Aquatic Preserve",2002,295,0,1.092,0.0013,0.0337335593220339,0.138733369754889,"354;514"
"375","Rookery Bay Aquatic Preserve",2003,322,0,0.802,0.002,0.0310996894409938,0.10450622199678,"354;514"
"376","Rookery Bay Aquatic Preserve",2004,309,0,0.659,3e-04,0.0304142394822006,0.103111521666955,"354;514"
"377","Rookery Bay Aquatic Preserve",2005,349,0,0.465,4e-04,0.0229094555873925,0.0637833743785679,"354;514"
"378","Rookery Bay Aquatic Preserve",2006,336,0,0.357,0.00055,0.031497619047619,0.0696590275105612,"354;514"
"379","Rookery Bay Aquatic Preserve",2007,245,0,0.807,5e-04,0.0351779591836735,0.10250295959301,"354;514"
"380","Rookery Bay Aquatic Preserve",2008,278,0,0.383,3e-04,0.0210661870503597,0.0614315410161451,"354;514"
"381","Rookery Bay Aquatic Preserve",2009,287,0,0.054,5e-04,0.0171418118466899,0.0193676121270263,"354;514"
"382","Rookery Bay Aquatic Preserve",2010,286,0,0.066,3e-04,0.0144972027972028,0.018628156180216,"354;514"
"383","Rookery Bay Aquatic Preserve",2011,236,0,0.033,4e-04,0.00752923728813559,0.00889079568578839,"354;514"
"384","Rookery Bay Aquatic Preserve",2012,268,0,0.97,0.007,0.0314888059701493,0.121632419885112,"354"
"385","Rookery Bay Aquatic Preserve",2013,267,0,1.105,0.005,0.0972659176029963,0.230607355325592,"354"
"386","Rookery Bay Aquatic Preserve",2014,198,0,0.66,0,0.0569242424242424,0.159131715446979,"354"
"387","Rookery Bay Aquatic Preserve",2015,228,0,0.97,0,0.0790263157894737,0.198646187163189,"354"
"388","Rookery Bay Aquatic Preserve",2016,255,0,0.73,0,0.0816705882352941,0.199210590995091,"354"
"389","Rookery Bay Aquatic Preserve",2017,238,0,1.1,0,0.0967521008403361,0.232618994311632,"354"
"390","Rookery Bay Aquatic Preserve",2018,217,0,0.792,0,0.063036866359447,0.178441811569096,"354"
"391","Rookery Bay Aquatic Preserve",2019,287,0,0.902,0,0.0910383275261324,0.219678966167028,"354"
"392","Rookery Bay National Estuarine Research Reserve",1989,33,0,1.1,0.02,0.285151515151515,0.414360359561285,"5002"
"393","Rookery Bay National Estuarine Research Reserve",1990,130,0,1.7,0.06,0.254846153846154,0.321178147613552,"5002"
"394","Rookery Bay National Estuarine Research Reserve",1991,56,0,0.79,0.28,0.288928571428571,0.254679324723383,"5002"
"395","Rookery Bay National Estuarine Research Reserve",1994,8,0.02,0.869,0.175,0.35975,0.372853762984134,"5002"
"396","Rookery Bay National Estuarine Research Reserve",1995,7,0.12,0.92,0.38,0.448571428571429,0.352535037096956,"5002"
"397","Rookery Bay National Estuarine Research Reserve",2001,42,2e-04,7e-04,4e-04,0.00040952380952381,0.000103144520466221,"514"
"398","Rookery Bay National Estuarine Research Reserve",2002,502,0,1.724,0.003,0.0830478087649402,0.22085830146618,"354;514"
"399","Rookery Bay National Estuarine Research Reserve",2003,518,0,0.802,0.004,0.0825252895752896,0.168643052699492,"354;514"
"400","Rookery Bay National Estuarine Research Reserve",2004,501,0,0.804,0.003,0.0756860279441118,0.15639942955264,"354;514"
"401","Rookery Bay National Estuarine Research Reserve",2005,565,0,0.793,0.005,0.056676814159292,0.123708853796173,"354;514"
"402","Rookery Bay National Estuarine Research Reserve",2006,540,0,0.818,0.003,0.0567781481481481,0.113391768066337,"354;514"
"403","Rookery Bay National Estuarine Research Reserve",2007,423,0,0.807,0.006,0.0712827423167849,0.136110404239444,"354;514"
"404","Rookery Bay National Estuarine Research Reserve",2008,416,0,0.652,0.004,0.0603158653846154,0.131257381619514,"354;514"
"405","Rookery Bay National Estuarine Research Reserve",2009,366,0,0.054,5e-04,0.0172696721311475,0.0195190818726825,"354;514"
"406","Rookery Bay National Estuarine Research Reserve",2010,367,0,0.066,3e-04,0.0149787465940055,0.0189501412414127,"354;514"
"407","Rookery Bay National Estuarine Research Reserve",2011,366,0,0.055,4e-04,0.00885218579234973,0.011068574947734,"354;514"
"408","Rookery Bay National Estuarine Research Reserve",2012,374,0,1.13,0.0095,0.0985641711229946,0.238909093280813,"354"
"409","Rookery Bay National Estuarine Research Reserve",2013,585,0,1.105,0.011,0.221353846153846,0.306065732245895,"354"
"410","Rookery Bay National Estuarine Research Reserve",2014,294,0,0.8,0.005,0.21993537414966,0.27465314006048,"354"
"411","Rookery Bay National Estuarine Research Reserve",2015,393,0,1.32,0.042,0.290513486005089,0.322309273211734,"354;514"
"412","Rookery Bay National Estuarine Research Reserve",2016,601,0,0.85,0.008,0.203782196339434,0.283582408949911,"354;3;514"
"413","Rookery Bay National Estuarine Research Reserve",2017,518,0,1.4,0.006,0.227027413127413,0.336618784179009,"354;514"
"414","Rookery Bay National Estuarine Research Reserve",2018,464,0,1.015,0,0.219941810344828,0.330693699275568,"354"
"415","Rookery Bay National Estuarine Research Reserve",2019,626,0,1.31,0.01,0.239584664536741,0.337291769274685,"354"
"416","Southeast Florida Coral Reef Ecosystem Conservation Area",2004,4,0,0,0,0,0,"3"
"417","Southeast Florida Coral Reef Ecosystem Conservation Area",2005,1,0,0,0,0,NA,"3"
"418","Southeast Florida Coral Reef Ecosystem Conservation Area",2006,1,0,0,0,0,NA,"3"
"419","Southeast Florida Coral Reef Ecosystem Conservation Area",2007,2,0,0,0,0,0,"3"
"420","Southeast Florida Coral Reef Ecosystem Conservation Area",2009,39,0,0.8365,0.0067,0.0833461538461538,0.191989752805159,"3;5058"
"421","Southeast Florida Coral Reef Ecosystem Conservation Area",2010,191,0,2.8315,0.002,0.102244502617801,0.288033387791724,"3;5058"
"422","Southeast Florida Coral Reef Ecosystem Conservation Area",2011,184,0,0.181,0.0022,0.0321163043478261,0.0471322932398684,"3;5058"
"423","Southeast Florida Coral Reef Ecosystem Conservation Area",2012,1,0,0,0,0,NA,"3"
"424","Southeast Florida Coral Reef Ecosystem Conservation Area",2014,1,0,0,0,0,NA,"3"
"425","Southeast Florida Coral Reef Ecosystem Conservation Area",2016,3,0,0,0,0,0,"3"
"426","St. Andrews Aquatic Preserve",1990,7,3e-04,4e-04,3e-04,0.000342857142857143,5.34522483824849e-05,"514"
"427","St. Andrews Aquatic Preserve",1991,12,1e-04,6e-04,3e-04,3e-04,0.000147709789175199,"514"
"428","St. Andrews Aquatic Preserve",1992,11,1e-04,9e-04,2e-04,0.000290909090909091,0.000211917651244749,"514"
"429","St. Andrews Aquatic Preserve",1993,12,1e-04,4e-04,2e-04,0.000208333333333333,0.000108362466945083,"514"
"430","St. Andrews Aquatic Preserve",1994,11,1e-04,6e-04,2e-04,0.000281818181818182,0.000172152152575458,"514"
"431","St. Andrews Aquatic Preserve",1995,10,1e-04,6e-04,2e-04,0.00026,0.000164654520469713,"514"
"432","St. Andrews Aquatic Preserve",1996,6,1e-04,3e-04,0.00025,0.000233333333333333,8.16496580927726e-05,"514"
"433","St. Andrews Aquatic Preserve",1997,6,1e-04,2e-04,2e-04,0.000166666666666667,5.16397779494322e-05,"514"
"434","St. Andrews Aquatic Preserve",2000,43,0.01,0.53,0.01,0.153255813953488,0.160649291644468,"470"
"435","St. Andrews Aquatic Preserve",2001,43,1e-04,0.71,0.01,0.169411627906977,0.23587444926052,"470;514"
"436","St. Andrews Aquatic Preserve",2003,14,1e-04,4e-04,2e-04,0.000214285714285714,7.70328886519643e-05,"514"
"437","St. Andrews Aquatic Preserve",2004,49,0,0.41,2e-04,0.0343571428571429,0.0985055328395314,"470;514"
"438","St. Andrews Aquatic Preserve",2005,61,0,0.1,2e-04,0.0128704918032787,0.0295230325015475,"470;514"
"439","St. Andrews Aquatic Preserve",2006,41,0,0.02,2e-04,0.0052,0.00804978260576023,"470;514"
"440","St. Andrews Aquatic Preserve",2007,58,0,0.5,2e-04,0.0575379310344828,0.136835386860997,"470;514"
"441","St. Andrews Aquatic Preserve",2008,60,0,0.48,2e-04,0.0850216666666667,0.150949923329253,"470;514"
"442","St. Andrews Aquatic Preserve",2009,20,1e-04,3e-04,2e-04,2e-04,7.25476250110012e-05,"514"
"443","St. Andrews Aquatic Preserve",2010,10,2e-04,4e-04,2e-04,0.00023,6.74948557710553e-05,"514"
"444","St. Andrews Aquatic Preserve",2011,12,1e-04,2e-04,2e-04,0.000175,4.52267016866645e-05,"514"
"445","St. Andrews Aquatic Preserve",2012,11,1e-04,8e-04,2e-04,0.000263636363636364,0.000246059859679417,"514"
"446","St. Andrews Aquatic Preserve",2013,11,1e-04,0.001,1e-04,0.000272727272727273,0.000337908002541843,"514"
"447","St. Andrews Aquatic Preserve",2014,24,1e-04,3e-04,2e-04,0.000179166666666667,5.88229965875272e-05,"514"
"448","St. Andrews Aquatic Preserve",2015,18,2e-04,4e-04,2e-04,0.000261111111111111,7.77544316035229e-05,"514"
"449","St. Andrews Aquatic Preserve",2016,9,1e-04,4e-04,2e-04,0.000222222222222222,0.0001092906420717,"514"
"450","St. Andrews Aquatic Preserve",2017,9,1e-04,4e-04,3e-04,0.000255555555555556,8.81917103688197e-05,"514"
"451","St. Andrews Aquatic Preserve",2018,9,1e-04,3e-04,2e-04,0.000188888888888889,6.00925212577332e-05,"514"
"452","St. Andrews Aquatic Preserve",2019,10,1e-04,2e-04,0.00015,0.00015,5.2704627669473e-05,"514"
"453","St. Joseph Bay Aquatic Preserve",2001,32,1e-04,7e-04,2e-04,0.000284375,0.000168693987119644,"514"
"454","St. Joseph Bay Aquatic Preserve",2002,43,1e-04,4e-04,2e-04,0.000216279069767442,9.74196434629454e-05,"514"
"455","St. Joseph Bay Aquatic Preserve",2003,37,1e-04,4e-04,2e-04,0.000213513513513514,9.47574745282871e-05,"514"
"456","St. Joseph Bay Aquatic Preserve",2004,19,1e-04,4e-04,2e-04,0.000231578947368421,0.000110818327700728,"514"
"457","St. Joseph Bay Aquatic Preserve",2005,28,1e-04,6e-04,2e-04,0.000264285714285714,0.000112921754995761,"514"
"458","St. Joseph Bay Aquatic Preserve",2006,59,1e-04,4e-04,2e-04,0.000215254237288136,7.14711403585365e-05,"514"
"459","St. Joseph Bay Aquatic Preserve",2007,49,1e-04,5e-04,2e-04,0.000253061224489796,7.10106823428892e-05,"514"
"460","St. Joseph Bay Aquatic Preserve",2008,53,0,0.46,3e-04,0.0161415094339623,0.0802332643320095,"5002;514"
"461","St. Joseph Bay Aquatic Preserve",2009,39,1e-04,5e-04,3e-04,0.000269230769230769,8.63098645147274e-05,"514"
"462","St. Joseph Bay Aquatic Preserve",2010,25,2e-04,4e-04,2e-04,0.00024,7.07106781186548e-05,"514"
"463","St. Joseph Bay Aquatic Preserve",2011,11,2e-04,4e-04,2e-04,0.000254545454545455,6.87551650952329e-05,"514"
"464","St. Joseph Bay Aquatic Preserve",2012,20,1e-04,6e-04,3e-04,0.00028,0.000105630936457281,"514"
"465","St. Joseph Bay Aquatic Preserve",2013,15,1e-04,8e-04,2e-04,0.000333333333333333,0.000219306265517513,"514"
"466","St. Joseph Bay Aquatic Preserve",2014,4,2e-04,4e-04,0.00025,0.000275,9.57427107756338e-05,"514"
"467","St. Joseph Bay Aquatic Preserve",2015,9,2e-04,4e-04,3e-04,3e-04,7.07106781186548e-05,"514"
"468","St. Joseph Bay Aquatic Preserve",2016,30,1e-04,6e-04,3e-04,0.000283333333333333,9.85527456652574e-05,"514"
"469","St. Joseph Bay Aquatic Preserve",2017,72,1e-04,7e-04,2e-04,0.000265277777777778,0.000106360696730873,"514"
"470","St. Joseph Bay Aquatic Preserve",2018,66,1e-04,0.0013,2e-04,0.000263636363636364,0.000159457120965398,"514"
"471","St. Joseph Bay Aquatic Preserve",2019,60,1e-04,6e-04,2e-04,0.000246666666666667,0.000114190840362084,"514"
"472","St. Joseph Buffer Aquatic Preserve",2016,7,5e-04,0.003,7e-04,0.00108571428571429,0.000909997383565051,"514"
"473","St. Joseph Buffer Aquatic Preserve",2017,7,4e-04,0.002,8e-04,0.000985714285714286,0.000524177360024167,"514"
"474","St. Joseph Buffer Aquatic Preserve",2018,9,5e-04,0.0018,8e-04,0.000933333333333333,0.000396862696659689,"514"
"475","St. Joseph Buffer Aquatic Preserve",2019,9,2e-04,0.0018,8e-04,0.000866666666666667,0.000543139024560011,"514"
"476","St. Martins Marsh Aquatic Preserve",2000,6,5e-04,0.0011,6e-04,0.000683333333333333,0.000231660671385254,"514"
"477","Terra Ceia Aquatic Preserve",2005,12,0,3.03,0.405,0.783333333333333,0.988086611342929,"5002"
"478","Terra Ceia Aquatic Preserve",2006,47,0,2.88,0.54,0.617446808510638,0.692357246579948,"5002"
"479","Terra Ceia Aquatic Preserve",2007,35,0,1.18,0.14,0.336571428571429,0.393647669109012,"5002"
"480","Terra Ceia Aquatic Preserve",2008,40,0,1.83,0.15,0.46175,0.544095992190669,"5002"
"481","Terra Ceia Aquatic Preserve",2009,26,0,1.7,0.455,0.488461538461538,0.508768649251837,"5002"
"482","Terra Ceia Aquatic Preserve",2010,46,0,1.52,0.135,0.366304347826087,0.469881113548486,"5002"
"483","Terra Ceia Aquatic Preserve",2011,44,0,1.77,0.13,0.448636363636364,0.57265839043474,"5002"
"484","Terra Ceia Aquatic Preserve",2012,51,0,1.51,0.03,0.335098039215686,0.460562145856646,"5002"
"485","Terra Ceia Aquatic Preserve",2013,51,0,6.37,0.14,0.495686274509804,0.961765574143639,"5002"
"486","Terra Ceia Aquatic Preserve",2014,51,0,1.63,0.03,0.321372549019608,0.438360671629393,"5002"
"487","Terra Ceia Aquatic Preserve",2015,29,0,1.6,0.021,0.396310344827586,0.483042005231154,"5002"
"488","Terra Ceia Aquatic Preserve",2016,27,0,1.57,0.2,0.450740740740741,0.51628052843932,"5002"
"489","Terra Ceia Aquatic Preserve",2017,33,0,1.54,0.12,0.392181818181818,0.488304365543757,"5002"
"490","Terra Ceia Aquatic Preserve",2018,127,0.006,1.53,0.274,0.274314960629921,0.327031033447738,"5002"
"491","Terra Ceia Aquatic Preserve",2019,127,0.006,1.95,0.28,0.289,0.336209567109374,"5002"
"492","Terra Ceia Aquatic Preserve",2020,88,0.009,1.37,0.2175,0.254625,0.278290318618492,"5002"
"493","Tomoka Marsh Aquatic Preserve",2000,16,2e-04,9e-04,6e-04,0.00053125,0.000215154982899924,"514"
"494","Tomoka Marsh Aquatic Preserve",2001,20,3e-04,0.001,0.00045,0.00052,0.000223842049574906,"514"
"495","Yellow River Marsh Aquatic Preserve",2001,3,2e-04,3e-04,3e-04,0.000266666666666667,5.77350269189626e-05,"514"
